Test Kits,Abbott-Dengue
Test Kits,Abbott-Dengue Duo
Test Kits,Abbott-Drugtest
Test Kits,Abbott-Hepatitis A
Test Kits,Abbott-Hepatitis B
Test Kits,Abbott-Ns1
Test Kits,COVID Rapid Antigen
Test Kits,Dengue
Test Kits,Dengue DUO
Test Kits,Drug test
Test Kits,Fecal Occult Blood Test
Test Kits,FOB
Test Kits,H.pylori Ab
Test Kits,H.pylori Ag
Test Kits,HABSAG COMBO
Test Kits,HAV
Test Kits,HbsAg
Test Kits,HBSAG STRIPS
Test Kits,HCG
Test Kits,HCV
Test Kits,HCV AB PLUS
Test Kits,HIV
Test Kits,HIV 1/2 AB PLUS
Test Kits,HIV-abbott
Test Kits,LEPTOSPIRA AB
Test Kits,Malaria
Test Kits,Pregnancy test
Test Kits,PSA
Test Kits,Salmonella
Test Kits,Salmonella Typhi
Test Kits,SARS-COVID (Rapid Test)
Test Kits,SARS-COVID (Swab Test)
Test Kits,Syphilis
Test Kits,SYPHILIS AB
Test Kits,Troponin I
Test Kits,typhidot
Test Kits,TYPHOID COMBO
Test Kits,Wondfo-Drugtest
Vaccines,Anti Tetanus Serum
Vaccines,ANTICOAGULANT
Vaccines,BCG
Vaccines,CHOLERA (ORAL)
Vaccines,DENGUE TEST KIT
Vaccines,DPT
Vaccines,ERIG
Vaccines,ERYTHROPOIETIN
Vaccines,HEMATRON
Vaccines,HEPATITIS A
Vaccines,HEPATITIS A &B
Vaccines,HEPATITIS B IG
Vaccines,HPV
Vaccines,INFLUENZA
Vaccines,JAPAN ENCEPHALITHIS
Vaccines,MEASLES
Vaccines,MENINGGOCCOCCAL
Vaccines,METHYLERGOMETRINE
Vaccines,MMR
Vaccines,MMRV
Vaccines,OBNATE IQ PLUS
Vaccines,PHOSPHOLIPIDS+MALT
Vaccines,PNEUMOCOCCAL
Vaccines,POLIOMYELITIS
Vaccines,PPD
Vaccines,RABIES
Vaccines,ROTAVIRUS
Vaccines,SHINGLES
Vaccines,TETANUS DIPHTHERIA
Vaccines,TETANUS IMMUNOGLOBIN
Vaccines,TETANUS TOXOID
Vaccines,TYPHOID
Vaccines,VAGISON
Vaccines,VARICELLA
Medicine Supplies,
